,ID
0,pc0839
1,pc0044
2,pb2052
3,pc0192
4,pb0217
5,pc0053
6,pb4319
7,pc0241
8,pc0841
9,pc0122
10,pc0092
11,pc0384
12,pb2873
13,pc1911
14,pc0320
15,pb0230
16,pc0009
17,pc0049
18,pb0377
19,pc0242
20,pc0062
21,pc0178
22,pc0228
23,pc0282
24,pc0098
25,pc0071
26,pc2753
27,pb3356
28,pc0201
29,pb0282
30,pc0106
31,pc0229
32,pb0232
33,pc0179
34,pb0311
35,pb3826
36,pb0241
37,pc1909
38,pc0045
39,pc0004
40,pb3894
41,pc0255
42,pc0298
43,pb0136
44,pb0200
45,pb0105
46,pc0108
47,pc0003
48,pc0172
49,pc0120
50,pc0182
51,pb0413
52,pc0315
53,pb0345
54,pc0016
55,pc2506
56,pc0250
57,pc0152
58,pb0346
59,pc0023
60,pc0832
61,pc0203
62,pc2512
63,pc0285
64,pc0210
65,pb0779
66,pb0459
67,pc0064
68,pc0111
69,pc0835
70,pc2507
71,pc0849
72,pc0160
73,pc0067
74,pb0298
75,pc0297
76,pb4841
77,pc0117
78,pc0240
79,pc1916
80,pc0159
81,pb0259
82,pb4716
83,pc0312
84,pc0237
85,pb2865
86,pc0199
87,pb0772
88,pc0281
89,pb0770
90,pc0046
91,pb0359
92,pc0314
93,pb2337
94,pc0842
95,pc0013
96,pc0079
97,pc2504
98,pb0432
99,pb0392
100,pb0539
101,pc0109
102,pc0850
103,pc0101
104,pb4718
105,pc0311
106,pc0154
107,pc0183
108,pc0845
109,pc0020
110,pc0826
111,pb0158
112,pb0403
113,pc2502
114,pc2522
115,pc0114
116,pc0042
117,pc0196
118,pc0151
119,pc0310
120,pb4299
121,pc1925
122,pc0244
123,pb0211
124,pc0300
125,pc0059
126,pc0318
127,pb2552
128,pc0235
129,pc2505
130,pb0355
131,pb0064
132,pc0084
133,pb0391
134,pb2595
135,pc0180
136,pb0190
137,pc0257
138,pb0012
139,pb0461
140,pc0221
141,pc0844
142,pc2514
143,pc0220
144,pc0153
145,pb1827
146,pb0292
147,pb0405
148,pb0410
149,pc0836
150,pc0155
151,pb0792
152,pb1821
153,pc2757
154,pc0828
155,pc0233
156,pb2543
157,pc0034
158,pc0224
159,pb0441
160,pc0031
161,pb0778
162,pc0264
163,pc0284
164,pb0451
165,pc0143
166,pc0039
167,pc1921
168,pb0435
169,pc0061
170,pc0156
171,pc0080
172,pc0283
173,pc0292
174,pb4707
175,pc0246
176,pc0226
177,pc0036
178,pc0052
179,pc0261
180,pb0798
181,pc0304
182,pb0424
183,pc0012
184,pb0116
185,pb0526
186,pc1923
187,pb0385
188,pb4713
189,pc0276
190,pb1834
191,pc1905
192,pb0184
193,pc0206
194,pc0002
195,pb4296
196,pc2754
197,pc1907
198,pc0258
199,pb0171
200,pc2764
201,pc1924
202,pb0073
203,pb0277
204,pb0196
205,pc0305
206,pb0022
207,pc1922
208,pb0279
209,pc0236
210,pc2503
211,pb0394
212,pc0015
213,pc0133
214,pb0043
215,pc0077
216,pc0303
217,pc0214
218,pb0416
219,pc2773
220,pb4116
221,pc0194
222,pc0249
223,pc0089
224,pc0215
225,pc1901
226,pb4569
227,pc0014
228,pc0110
229,pc2523
230,pc0278
231,pc0838
232,pc0005
233,pc0054
234,pc0325
235,pc0279
236,pb4568
237,pb0216
238,pc0142
239,pb0219
240,pc1917
241,pc0123
242,pb0143
243,pc0840
244,pc2501
245,pc0251
246,pc2524
247,pc0140
248,pb0747
249,pc0230
250,pc0204
251,pc0032
252,pc0146
253,pb2880
254,pb0427
255,pc1910
256,pc1914
257,pb3836
258,pb0380
259,pc0289
260,pc0104
261,pc0837
262,pb4298
263,pb0738
264,pb0070
265,pb0037
266,pb4570
267,pb0114
268,pc1902
269,pb0224
270,pc0265
271,pc2518
272,pc0006
273,pc0035
274,pb0396
275,pb3885
276,pc0166
277,pb0351
278,pc0026
279,pc0827
280,pc2516
281,pc0144
282,pc0025
283,pc0022
284,pc0094
285,pc0259
286,pc2758
287,pb4306
288,pc0099
289,pc0846
290,pc0239
291,pb0044
292,pc0113
293,pb0787
294,pc0075
295,pc0268
296,pc0299
297,pc0171
298,pc0211
299,pc0150
300,pb3408
301,pb4329
302,pc0102
303,pc0280
304,pb0066
305,pc0288
306,pc0319
307,pc0309
308,pc0175
309,pc0162
310,pb0041
311,pc2509
312,pb3899
313,pc0847
314,pc0247
315,pc2460
316,pc0019
317,pb0436
318,pc2511
319,pc0057
320,pc0831
321,pb4848
322,pc0125
323,pb3889
324,pb0035
325,pb0408
326,pb0132
327,pc0317
328,pb0789
329,pb0374
330,pc0243
331,pc0165
332,pb0316
333,pc1906
334,pc0272
335,pc1908
336,pc0097
337,pc0271
338,pc0202
339,pc0169
340,pc0033
341,pc0223
342,pc0127
343,pb0737
344,pc0047
345,pb0193
346,pc0308
347,pc0007
348,pb0225
349,pb0326
350,pc2517
351,pc0294
352,pb0129
353,pb0453
354,pb0174
355,pc2755
356,pc0275
357,pc0231
358,pb0072
359,pb0761
360,pb4575
361,pc0200
362,pc0118
363,pc1919
364,pb0185
365,pb0349
366,pb0151
367,pb0458
368,pb4285
369,pc2515
370,pb3886
371,pc1915
372,pb4857
373,pc0830
374,pc0212
375,pc0190
376,pb0016
377,pc2752
378,pc2751
379,pb0484
380,pc0189
381,pc0232
382,pc0218
383,pc0072
384,pc0262
385,pb0299
386,pc0070
387,pc0090
388,pc0027
389,pc0112
390,pc2520
391,pb0337
392,pc0176
393,pb0464
394,pc0253
395,pb0395
396,pb0381
397,pb0445
398,pb0085
399,pc0048
400,pc0256
401,pc0248
